event_id,market_id,slug,asset,duration,question,start_time,end_time,yes_token_id,no_token_id,resolution_source,volume,active,closed
127960,1043567,btc-updown-5m-1766972400,BTC,5m,"Bitcoin Up or Down - December 28, 8:40PM-8:45PM ET",1766972400,1766972700,37757111305943369313607477612117675991483283811157654819548775996705837140529,88555506998104325266323436919439318690534514836833575970405206307061892443068,https://data.chain.link/streams/btc-usd,0.0,true,false
127967,1043573,btc-updown-15m-1766972700,BTC,5m,"Bitcoin Up or Down - December 28, 8:45PM-9:00PM ET",1766972700,1766973600,97572449624297528228125787516420755443616724786724410407458602113641283210922,51447966303140662386595302497176384643064715276005782969491138499076372714983,https://data.chain.link/streams/btc-usd,0.0,true,false
127966,1043572,sol-updown-15m-1766972700,SOL,5m,"Solana Up or Down - December 28, 8:45PM-9:00PM ET",1766972700,1766973600,91708703740490433705347353462478301128278996355627364332816487359688551047620,80329841878162417037135741645669156668812093377218235153154202192078175476971,https://data.chain.link/streams/sol-usd,0.0,true,false
127969,1043580,btc-updown-5m-1766972700,BTC,5m,"Bitcoin Up or Down - December 28, 8:45PM-8:50PM ET",1766972700,1766973000,6681086892393867474903984437692594127032517367371223593391297152373904303158,67135326867314224336844382488130581194414541168539204078513540471537725334559,https://data.chain.link/streams/btc-usd,0.0,true,false
127849,1042806,sol-updown-5m-1766966400,SOL,5m,"Solana Up or Down - December 28, 7:00PM-7:05PM ET",1766966400,1766966700,51172312297273871700547894942741209194383470704675219525705379977779839704817,33202446832894564881888999985125926535952404192622832004049453014323076305863,https://data.chain.link/streams/sol-usd,0.0,true,false
126714,1037005,btc-updown-5m-1766919300,BTC,5m,"Bitcoin Up or Down - December 28, 5:55AM-6:00AM ET",1766919300,1766919600,22691826532767830246550417271160849552760291585750981656240082947301426515352,94381034936602319477450769037780414126492113800506466962202324687866700136865,https://data.chain.link/streams/btc-usd,0.0,true,false
126896,1038090,eth-updown-5m-1766928600,ETH,5m,"Ethereum Up or Down - December 28, 8:30AM-8:35AM ET",1766928600,1766928900,26527678026283756237543645382017419362987612807155290905712183292512015523873,77793201457564453743317409028420353697772525379865396140483174047818285533933,https://data.chain.link/streams/eth-usd,0.0,true,false
127178,1039215,btc-updown-5m-1766938500,BTC,5m,"Bitcoin Up or Down - December 28, 11:15AM-11:20AM ET",1766938500,1766938800,29515301818240976202343348515364938897371657769196743391293881284005323616332,63291968939492226984996783893268663222274266648098778008601224996303019915209,https://data.chain.link/streams/btc-usd,0.0,true,false
127280,1039529,sol-updown-5m-1766941200,SOL,5m,"Solana Up or Down - December 28, 12:00PM-12:05PM ET",1766941200,1766941500,20452797550931168082640195699691863705675278819727626008511006079490860751494,105391586009223109784713689550212510587307865379642048568845431254773484167362,https://data.chain.link/streams/sol-usd,0.0,true,false
126355,1034936,sol-updown-5m-1766901600,SOL,5m,"Solana Up or Down - December 28, 1:00AM-1:05AM ET",1766901600,1766901900,111019166551654718803084013430986782056887836911569683081920982869546263799462,90282609302017495431728001221133940765133705152703679636515514757220712474698,https://data.chain.link/streams/sol-usd,0.0,true,false
126923,1038119,btc-updown-5m-1766930100,BTC,5m,"Bitcoin Up or Down - December 28, 8:55AM-9:00AM ET",1766930100,1766930400,99854283619746647892050301144651107071022751515460604958107465965854154540413,45750047712325282809390904486112372676144885314386875046753233297595070508638,https://data.chain.link/streams/btc-usd,0.0,true,false
127712,1041829,btc-updown-5m-1766959200,BTC,5m,"Bitcoin Up or Down - December 28, 5:00PM-5:05PM ET",1766959200,1766959500,81608041382987509577139738365612981410597719570739102081266026737380115650830,12887460914566656848435048941453166714137307199990142667229319974367934359519,https://data.chain.link/streams/btc-usd,0.0,true,false
127753,1042251,eth-updown-5m-1766961600,ETH,5m,"Ethereum Up or Down - December 28, 5:40PM-5:45PM ET",1766961600,1766961900,30854411884775657009008656392538835769823718344196595898139660438042690845304,12510540577644555559431184084901517378089209594767950720419325031198689980647,https://data.chain.link/streams/eth-usd,0.0,true,false
126610,1036559,sol-updown-5m-1766914500,SOL,5m,"Solana Up or Down - December 28, 4:35AM-4:40AM ET",1766914500,1766914800,21743535546523035942735256811485758463185130862899095351353979993111176826704,94952010177729734377078102970284481023528195010061895273745806218534663479825,https://data.chain.link/streams/sol-usd,0.0,true,false
127659,1041592,btc-updown-5m-1766956500,BTC,5m,"Bitcoin Up or Down - December 28, 4:15PM-4:20PM ET",1766956500,1766956800,74067910346979602057018389925479173225475653431162785631514074172855959832834,46293014419648729681605836963373418569290206329216878009902358656774971582261,https://data.chain.link/streams/btc-usd,0.0,true,false
126097,1033602,sol-updown-5m-1766889000,SOL,5m,"Solana Up or Down - December 27, 9:30PM-9:35PM ET",1766889000,1766889300,106619951091795638666596172976095762410280762560350928210494572264022141652547,1225370542147540296698557498451752932339266585810837716988665746683845163077,https://data.chain.link/streams/sol-usd,0.0,true,false
109965,964332,eth-updown-5m-1766161800,ETH,5m,"Ethereum Up or Down - December 19, 11:30AM-11:35AM ET",1766161800,1766162100,51135880987390410545082540867088285556184709753913066543508010106858038418471,8147340325802207351630542448538241866035001085575658933844567173354424206850,https://data.chain.link/streams/eth-usd,0.0,true,false
126433,1035494,btc-updown-5m-1766905800,BTC,5m,"Bitcoin Up or Down - December 28, 2:10AM-2:15AM ET",1766905800,1766906100,12414534404730767496856116285613823973790015626466331493425152422717197781806,22273701299198608882510625944342983892637684305227260337537169516222914680587,https://data.chain.link/streams/btc-usd,0.0,true,false
126948,1038347,sol-updown-5m-1766931300,SOL,5m,"Solana Up or Down - December 28, 9:15AM-9:20AM ET",1766931300,1766931600,11539172134302299963199749119981597316275446775415619912781817106852241717456,45948160840031980291599351762488424386615859967626815665713712064619471701682,https://data.chain.link/streams/sol-usd,0.0,true,false
126361,1035069,sol-updown-5m-1766902200,SOL,5m,"Solana Up or Down - December 28, 1:10AM-1:15AM ET",1766902200,1766902500,7003205924589654112202358219365048708479878442902047414048215353348091639865,48920884668124262966125004674734656449670209900293728136062811776290405412658,https://data.chain.link/streams/sol-usd,0.0,true,false
126581,1036290,sol-updown-15m-1766913300,SOL,5m,"Solana Up or Down - December 28, 4:15AM-4:30AM ET",1766913300,1766914200,98927950376398956197849560678604212467866617073435361755898355328443480554361,72235693932986542964602683064064991417655356867274668042449525494474027250361,https://data.chain.link/streams/sol-usd,0.0,true,false
127454,1040651,btc-updown-5m-1766949300,BTC,5m,"Bitcoin Up or Down - December 28, 2:15PM-2:20PM ET",1766949300,1766949600,11803166991385130509529507796176331488854075831112241605687974356389609912776,79451335215549524207540068655893432927773295626064281793862244337266264269431,https://data.chain.link/streams/btc-usd,0.0,true,false
126441,1035659,eth-updown-5m-1766906100,ETH,5m,"Ethereum Up or Down - December 28, 2:15AM-2:20AM ET",1766906100,1766906400,78804081967906568973986886612318940375485381632169914242933514407555090777594,67603920395692899503517595498316956485932734802870198491297891445649445736093,https://data.chain.link/streams/eth-usd,0.0,true,false
126331,1034907,sol-updown-15m-1766900700,SOL,5m,"Solana Up or Down - December 28, 12:45AM-1:00AM ET",1766900700,1766901600,105260682934340760031674951306378635605117966687460844955538664692904821040938,66252251155049072335670585857170364945501136939234008442694702469634894307566,https://data.chain.link/streams/sol-usd,0.0,true,false
127301,1039888,sol-updown-5m-1766942400,SOL,5m,"Solana Up or Down - December 28, 12:20PM-12:25PM ET",1766942400,1766942700,60102983872984548194030736652852736442794856400076085494766675240803475634450,91777979065609858303819709311161455727023892024266645053779799975503172898676,https://data.chain.link/streams/sol-usd,0.0,true,false
126436,1035497,eth-updown-5m-1766905800,ETH,5m,"Ethereum Up or Down - December 28, 2:10AM-2:15AM ET",1766905800,1766906100,78319177371570656412615573457510606450058424124346674149068196278691840038613,43219231228165401153613030466838670750593394811536782241049029330745176231469,https://data.chain.link/streams/eth-usd,0.0,true,false
126180,1034006,btc-updown-15m-1766893500,BTC,5m,"Bitcoin Up or Down - December 27, 10:45PM-11:00PM ET",1766893500,1766894400,30500794754661948686327177036677392818939139045226186057652978082119035416784,107025026890805290134151670511891810419917931144600738148191124863305558596398,https://data.chain.link/streams/btc-usd,124.117644,true,false
126885,1038080,btc-updown-5m-1766928300,BTC,5m,"Bitcoin Up or Down - December 28, 8:25AM-8:30AM ET",1766928300,1766928600,100505931460143580783696924495983469702335191973520797646450459577185721090544,57868060606625981326186100679622998699296063559297491122581032206990295378115,https://data.chain.link/streams/btc-usd,0.0,true,false
126293,1034628,eth-updown-15m-1766898900,ETH,5m,"Ethereum Up or Down - December 28, 12:15AM-12:30AM ET",1766898900,1766899800,11576460393906371772229920556942329575509436024151412727414846839830923112898,84033702065810943853057435085558947681853832282258469618209813219480004045796,https://data.chain.link/streams/eth-usd,0.0,true,false
126183,1034009,btc-updown-5m-1766893500,BTC,5m,"Bitcoin Up or Down - December 27, 10:45PM-10:50PM ET",1766893500,1766893800,769109502419504436062245537257194004298846647804637178168799597881548964681,47072893761285534183010846024044537627401798191521915593975409929175093698271,https://data.chain.link/streams/btc-usd,0.0,true,false
127738,1042207,sol-updown-5m-1766960700,SOL,5m,"Solana Up or Down - December 28, 5:25PM-5:30PM ET",1766960700,1766961000,105278760591748168670821918385429218026665818206033775170249398428700976226944,58247569529972775642703952237308281637080007748963061547329471814920823824013,https://data.chain.link/streams/sol-usd,0.0,true,false
126563,1036216,eth-updown-5m-1766912100,ETH,5m,"Ethereum Up or Down - December 28, 3:55AM-4:00AM ET",1766912100,1766912400,47413138837175824927722709241415829700449160348916841425679335715645865389506,111669888362036917901413769229225117680602841127116594762293894391372972674222,https://data.chain.link/streams/eth-usd,0.0,true,false
126115,1033620,sol-updown-5m-1766889900,SOL,5m,"Solana Up or Down - December 27, 9:45PM-9:50PM ET",1766889900,1766890200,23621688677445955303074998295551824176415661045776838817051709007175174792217,51611464421445199896144470156410373625459789988844889334257894940357282856094,https://data.chain.link/streams/sol-usd,0.0,true,false
127239,1039375,eth-updown-15m-1766940300,ETH,5m,"Ethereum Up or Down - December 28, 11:45AM-12:00PM ET",1766940300,1766941200,69871091540315816906218883395059067071416210050202457053311671521208713436245,13055063347738667213888161831628615831973632920229696188514234002612509574088,https://data.chain.link/streams/eth-usd,0.0,true,false
126945,1038191,eth-updown-15m-1766931300,ETH,5m,"Ethereum Up or Down - December 28, 9:15AM-9:30AM ET",1766931300,1766932200,96203475173512916352826346977989236677233230210679228197631274173851930193073,39420057062323376244090898296144169230905962244735417891794214058461527524803,https://data.chain.link/streams/eth-usd,0.0,true,false
126904,1038098,sol-updown-5m-1766929200,SOL,5m,"Solana Up or Down - December 28, 8:40AM-8:45AM ET",1766929200,1766929500,77701615555461000504012892713511798030081692855583350207154736282891506231730,30962028212752509801234965879845289119548046881148026038840227915662502087463,https://data.chain.link/streams/sol-usd,0.0,true,false
126671,1036914,eth-updown-5m-1766917500,ETH,5m,"Ethereum Up or Down - December 28, 5:25AM-5:30AM ET",1766917500,1766917800,15891927742183670393289207234593268418318863058789606036254114064210769779045,72570787083290876127761992463572916796126304151842744448062101077500244176618,https://data.chain.link/streams/eth-usd,0.0,true,false
127392,1040334,eth-updown-5m-1766946600,ETH,5m,"Ethereum Up or Down - December 28, 1:30PM-1:35PM ET",1766946600,1766946900,2201470000287608147535697870278947629185092933684114677741299472588497134495,58649154956211513509561357711759103602001472926324927549288590631526172250624,https://data.chain.link/streams/eth-usd,0.0,true,false
126494,1035793,eth-updown-5m-1766908800,ETH,5m,"Ethereum Up or Down - December 28, 3:00AM-3:05AM ET",1766908800,1766909100,55003713389983284398870388194136301818602271934794804248123688081213029036224,11409693989633265057907324749851647082391300952336671960700151823618267687706,https://data.chain.link/streams/eth-usd,0.0,true,false
126444,1035745,eth-updown-5m-1766906400,ETH,5m,"Ethereum Up or Down - December 28, 2:20AM-2:25AM ET",1766906400,1766906700,83473141063849152372211535340307143116883505424500217466437287512952110028443,52784169900597802628896921325333314485727256839132294629171899492674752272726,https://data.chain.link/streams/eth-usd,0.0,true,false
127928,1043311,eth-updown-5m-1766970600,ETH,5m,"Ethereum Up or Down - December 28, 8:10PM-8:15PM ET",1766970600,1766970900,4299250302395692812052795968728293669634644529830180079911502008855723895665,98693959696186932318448338887747698816523805950160763503523134590390470315612,https://data.chain.link/streams/eth-usd,0.0,true,false
127428,1040418,btc-updown-5m-1766948100,BTC,5m,"Bitcoin Up or Down - December 28, 1:55PM-2:00PM ET",1766948100,1766948400,86401717814352332867744755204316023677841706396017115437388298621904459380318,62798971685637059371675634793862812833089407044236074985825783632968936291850,https://data.chain.link/streams/btc-usd,0.0,true,false
127571,1041277,sol-updown-5m-1766953200,SOL,5m,"Solana Up or Down - December 28, 3:20PM-3:25PM ET",1766953200,1766953500,73970024128193621393584479717548086203473284758886271330281583784795932774845,18692596323739568574712922596710199739392924161739617344671077986267975493323,https://data.chain.link/streams/sol-usd,0.0,true,false
127247,1039383,btc-updown-5m-1766940600,BTC,5m,"Bitcoin Up or Down - December 28, 11:50AM-11:55AM ET",1766940600,1766940900,14340770911970154463859699191319828933195763928241018097662740201511994891557,7875982696509786349007814331765849959142154732829019684727779376400599081667,https://data.chain.link/streams/btc-usd,0.0,true,false
127164,1038982,btc-updown-5m-1766937900,BTC,5m,"Bitcoin Up or Down - December 28, 11:05AM-11:10AM ET",1766937900,1766938200,54774483731760308571479975951023545699757769460824754615794627789499077537910,58038948944884737611233077711008420871309525278458429286148500243842486194157,https://data.chain.link/streams/btc-usd,0.0,true,false
126730,1037068,btc-updown-5m-1766920200,BTC,5m,"Bitcoin Up or Down - December 28, 6:10AM-6:15AM ET",1766920200,1766920500,24912466906755836767642414969169820429247106379709072399406417590694300867316,112262424513480714824014559874168928041676765823669292679623478720954256513428,https://data.chain.link/streams/btc-usd,0.0,true,false
109981,964350,eth-updown-5m-1766162700,ETH,5m,"Ethereum Up or Down - December 19, 11:45AM-11:50AM ET",1766162700,1766163000,69536449073256375548019987013202953273769697012244734063132110898754322936256,40749133851497304010639788674936626839941095739021819805353317703495133539434,https://data.chain.link/streams/eth-usd,0.0,true,false
109986,964356,btc-updown-5m-1766163000,BTC,5m,"Bitcoin Up or Down - December 19, 11:50AM-11:55AM ET",1766163000,1766163300,101260638866292022443134265807587714222740384204323892651716854281326568526668,98813001457252630856199923063135379326113933642949548126949638747569656904924,https://data.chain.link/streams/btc-usd,0.0,true,false
126679,1036921,sol-updown-5m-1766918100,SOL,5m,"Solana Up or Down - December 28, 5:35AM-5:40AM ET",1766918100,1766918400,108542434051393604710135334865409859330852611349618755470925122025893873283193,106322317819301199473272965313140874302195104468169078163454097104744011064423,https://data.chain.link/streams/sol-usd,0.0,true,false
126783,1037374,btc-updown-5m-1766922900,BTC,5m,"Bitcoin Up or Down - December 28, 6:55AM-7:00AM ET",1766922900,1766923200,76633058748833136317686519885987460372035489634600546572434606224545234071173,27107008531017142291778078793594557438071698461783457782793847040101686877253,https://data.chain.link/streams/btc-usd,0.0,true,false
126197,1034023,eth-updown-15m-1766894400,ETH,5m,"Ethereum Up or Down - December 27, 11:00PM-11:15PM ET",1766894400,1766895300,44006312373653659931191665169766778806362365072259626874517817896057038434026,90748456776619054364690517550793163658179605765300169104011677651033561193390,https://data.chain.link/streams/eth-usd,0.0,true,false
127174,1039037,eth-updown-15m-1766938500,ETH,5m,"Ethereum Up or Down - December 28, 11:15AM-11:30AM ET",1766938500,1766939400,25539439883518463513418088585981540422036418398428433300509795792638047758971,65628890123834835964951678531098413175883700744328566242390390287569342749207,https://data.chain.link/streams/eth-usd,0.0,true,false
126238,1034428,sol-updown-5m-1766896500,SOL,5m,"Solana Up or Down - December 27, 11:35PM-11:40PM ET",1766896500,1766896800,5433295102428053889754139155313130079914652248256077992809841280129506176171,83543393998861126383937658662913228388491584102939242546559785137214650767436,https://data.chain.link/streams/sol-usd,0.0,true,false
127865,1043071,sol-updown-5m-1766967300,SOL,5m,"Solana Up or Down - December 28, 7:15PM-7:20PM ET",1766967300,1766967600,18856338208206371977609888554348185008501081816609669428960496726896453072166,46965590851287884746934603262170969692190193513318828218072148984028374686794,https://data.chain.link/streams/sol-usd,0.0,true,false
127109,1038902,eth-updown-5m-1766935200,ETH,5m,"Ethereum Up or Down - December 28, 10:20AM-10:25AM ET",1766935200,1766935500,102267781402775327944027321067878488924539342069972027547407167064891575175907,59163195037893348315385879141519297117363785529743505176600088243485690986583,https://data.chain.link/streams/eth-usd,0.0,true,false
126670,1036913,eth-updown-15m-1766917800,ETH,5m,"Ethereum Up or Down - December 28, 5:30AM-5:45AM ET",1766917800,1766918700,5421489824603881637417778303157298347485346680673787422098656540304340343670,19661089228415080237355067468722896195912443154403057028929577598908866416674,https://data.chain.link/streams/eth-usd,0.0,true,false
110018,964471,eth-updown-5m-1766163600,ETH,5m,"Ethereum Up or Down - December 19, 12:00PM-12:05PM ET",1766163600,1766163900,27335678910327160333083310491514147351029631443471914277374898113757811517804,16456885285623997499338967631921637551043452506150680363519677680197971988931,https://data.chain.link/streams/eth-usd,0.0,true,false
127438,1040432,sol-updown-5m-1766948700,SOL,5m,"Solana Up or Down - December 28, 2:05PM-2:10PM ET",1766948700,1766949000,83301662046455993657153595616539490601745120375116874111136422889795774625717,21188016862974014266062412136716224042308206808109080415805232480943456032727,https://data.chain.link/streams/sol-usd,0.0,true,false
126445,1035746,btc-updown-5m-1766906400,BTC,5m,"Bitcoin Up or Down - December 28, 2:20AM-2:25AM ET",1766906400,1766906700,2959443042468873864263083111297820125981434065488408411493864447193593513302,98491021297077645793472608627719724510263224202577645100797786694554580946447,https://data.chain.link/streams/btc-usd,0.0,true,false
127900,1043186,eth-updown-5m-1766969400,ETH,5m,"Ethereum Up or Down - December 28, 7:50PM-7:55PM ET",1766969400,1766969700,28939467632252569158188908372259929264874124200763612024019220181262325894400,81562511721207788193642168053698845018195315231168109044343717402873196422350,https://data.chain.link/streams/eth-usd,0.0,true,false
127980,1043607,btc-updown-5m-1766973300,BTC,5m,"Bitcoin Up or Down - December 28, 8:55PM-9:00PM ET",1766973300,1766973600,56146824665331478900178005212794447110704385946825756442141192857598459777550,88845131787803064569174687759834135567240422460708915429486893458072747439885,https://data.chain.link/streams/btc-usd,0.0,true,false
127972,1043591,eth-updown-5m-1766973000,ETH,5m,"Ethereum Up or Down - December 28, 8:50PM-8:55PM ET",1766973000,1766973300,86466267171426669410531117959460182823493632183124530626162977682166112076784,7080542482594545343039347470276456789909233416225535861866406764539208310095,https://data.chain.link/streams/eth-usd,0.0,true,false
127975,1043594,btc-updown-5m-1766973000,BTC,5m,"Bitcoin Up or Down - December 28, 8:50PM-8:55PM ET",1766973000,1766973300,18479156361523645845274765223079463991052909177076789198739199319507398600845,63808718691487077809092101376221535466880819741309564696512979865360354231920,https://data.chain.link/streams/btc-usd,0.0,true,false
127981,1043608,sol-updown-5m-1766973300,SOL,5m,"Solana Up or Down - December 28, 8:55PM-9:00PM ET",1766973300,1766973600,56106127358941459824893138548425349036856918069179584869175028563959843565458,80704060500363866519047608477095000679443748969656723154101587137653724900478,https://data.chain.link/streams/sol-usd,0.0,true,false
126855,1037744,btc-updown-15m-1766926800,BTC,5m,"Bitcoin Up or Down - December 28, 8:00AM-8:15AM ET",1766926800,1766927700,30503663030433466385413739068075543587438639242222949121383561212069976083797,37887027313491106678081073064501536139935971728346117226807119480257772260502,https://data.chain.link/streams/btc-usd,0.0,true,false
127368,1040034,eth-updown-15m-1766945700,ETH,5m,"Ethereum Up or Down - December 28, 1:15PM-1:30PM ET",1766945700,1766946600,70061021311909969433544460502599505205743044864046960792727519741497377671561,54171041627549336838316717396425876320298542941787871246162402422633805862740,https://data.chain.link/streams/eth-usd,0.0,true,false
127134,1038951,btc-updown-5m-1766936400,BTC,5m,"Bitcoin Up or Down - December 28, 10:40AM-10:45AM ET",1766936400,1766936700,8627912637336779487936936904690823248838294932110839844546779729962274914437,20494599931973497982503655090754090174393660306290528634368220779226987478635,https://data.chain.link/streams/btc-usd,0.0,true,false
126750,1037339,eth-updown-15m-1766921400,ETH,5m,"Ethereum Up or Down - December 28, 6:30AM-6:45AM ET",1766921400,1766922300,60286551215283486257119929281444166828835631642217038993900723730486010934834,15294294887194444271992553826948672675421264307478457723569089616333640604354,https://data.chain.link/streams/eth-usd,0.0,true,false
127391,1040332,btc-updown-5m-1766946600,BTC,5m,"Bitcoin Up or Down - December 28, 1:30PM-1:35PM ET",1766946600,1766946900,109045907248491009759219578505415142342284328229535526317313438889607982726607,88925647931715405202701841488272074716025055476814716532831114180505093320800,https://data.chain.link/streams/btc-usd,0.0,true,false
126731,1037070,sol-updown-5m-1766920200,SOL,5m,"Solana Up or Down - December 28, 6:10AM-6:15AM ET",1766920200,1766920500,16932824618232462265140230122440379280418002802060795962083369228928665167887,65018496608259367834128968818149840490202972323185600236588067258711861604233,https://data.chain.link/streams/sol-usd,0.0,true,false
126447,1035748,sol-updown-5m-1766906400,SOL,5m,"Solana Up or Down - December 28, 2:20AM-2:25AM ET",1766906400,1766906700,113932758713122315717316635493870943648780198811250550627918679283463997093269,82122163888724407734201845158656523031874907953944788646778161615567307655815,https://data.chain.link/streams/sol-usd,0.0,true,false
127598,1041340,eth-updown-15m-1766953800,ETH,5m,"Ethereum Up or Down - December 28, 3:30PM-3:45PM ET",1766953800,1766954700,57143483258381688430517101234819106560959161648796934470261082726839593101768,86599086031878779953850472360591796713386054609229054797074200960052373404758,https://data.chain.link/streams/eth-usd,0.0,true,false
126794,1037389,btc-updown-5m-1766923500,BTC,5m,"Bitcoin Up or Down - December 28, 7:05AM-7:10AM ET",1766923500,1766923800,65752307827660254240462088332510915736509099581837117268684956309076268781037,18302964335340804309977041496261504499662516262696335016049602929544522898290,https://data.chain.link/streams/btc-usd,0.0,true,false
127219,1039354,btc-updown-15m-1766939400,BTC,5m,"Bitcoin Up or Down - December 28, 11:30AM-11:45AM ET",1766939400,1766940300,56859075205851258689216616326372449760586802753406586794198231848691266563422,23551642852968753764163545481799053630414470215665807725349048284005839251218,https://data.chain.link/streams/btc-usd,0.0,true,false
126365,1035073,eth-updown-5m-1766902200,ETH,5m,"Ethereum Up or Down - December 28, 1:10AM-1:15AM ET",1766902200,1766902500,19511247710675362180936744751316677551114816960181732482029702122286011002325,7281071847164927042232976300592218827137552886222565280045316670936992144170,https://data.chain.link/streams/eth-usd,0.0,true,false
127697,1041799,sol-updown-5m-1766958600,SOL,5m,"Solana Up or Down - December 28, 4:50PM-4:55PM ET",1766958600,1766958900,75377589785907072211530100886055873090240455136023786073734431612410355243007,64678285070094481934993843919993125734083085035326741474378112618329623060269,https://data.chain.link/streams/sol-usd,0.0,true,false
126523,1036176,sol-updown-5m-1766910300,SOL,5m,"Solana Up or Down - December 28, 3:25AM-3:30AM ET",1766910300,1766910600,3158901987902969611514750521909345654540251163338018449899822353751078937590,43797356472756062426781649164807166798644090481119199579266746910591535623077,https://data.chain.link/streams/sol-usd,0.0,true,false
127853,1042879,btc-updown-5m-1766966700,BTC,5m,"Bitcoin Up or Down - December 28, 7:05PM-7:10PM ET",1766966700,1766967000,83161138350435748435282002123840191277636938552775290390619093569137248766195,30036481102043299218010487130326411683421831734756174257620489017660827912987,https://data.chain.link/streams/btc-usd,0.0,true,false
126878,1037991,eth-updown-5m-1766927700,ETH,5m,"Ethereum Up or Down - December 28, 8:15AM-8:20AM ET",1766927700,1766928000,22315787387443124809024754966445702217457001876175742664149451498254364463551,76073580235219737677295930895510231129526558289215521273006096622571840491337,https://data.chain.link/streams/eth-usd,0.0,true,false
127962,1043568,eth-updown-5m-1766972400,ETH,5m,"Ethereum Up or Down - December 28, 8:40PM-8:45PM ET",1766972400,1766972700,102949999433854792893576852760809805676289538727072591106994211589618605510019,32260951588660153908157913045231048046661317255024812840441099955452631984402,https://data.chain.link/streams/eth-usd,0.0,true,false
127964,1043570,eth-updown-15m-1766972700,ETH,5m,"Ethereum Up or Down - December 28, 8:45PM-9:00PM ET",1766972700,1766973600,66634625673055925472843151054713427717144237625031314485814260873712767647477,20277256328522423508614685003090619237483325962289552747871871429118679562294,https://data.chain.link/streams/eth-usd,0.0,true,false
127968,1043579,sol-updown-5m-1766972700,SOL,5m,"Solana Up or Down - December 28, 8:45PM-8:50PM ET",1766972700,1766973000,13569738780671722908989134252223641760375948509814601098885137001450906703495,60520961771589283631504678328680446840207362402688454466500636591617427562777,https://data.chain.link/streams/sol-usd,0.0,true,false
127970,1043582,eth-updown-5m-1766972700,ETH,5m,"Ethereum Up or Down - December 28, 8:45PM-8:50PM ET",1766972700,1766973000,5245432459623483726087787296768013348855842906508795888662489574693335551993,115634624064072869549525292499248296014221836456326577136513022848373073576823,https://data.chain.link/streams/eth-usd,0.0,true,false
127568,1041168,sol-updown-5m-1766952900,SOL,5m,"Solana Up or Down - December 28, 3:15PM-3:20PM ET",1766952900,1766953200,39179851074288671797008617892428409922578713611665251669558747016454727633902,83838476183455871659055962112732718964454487954082479365250821456836012103110,https://data.chain.link/streams/sol-usd,0.0,true,false
126233,1034422,btc-updown-5m-1766896200,BTC,5m,"Bitcoin Up or Down - December 27, 11:30PM-11:35PM ET",1766896200,1766896500,23631822869571629988254390167705389111688317547211292652847964931022577380176,72753946668032630264328033236675667766843303941976946136940171203775855325662,https://data.chain.link/streams/btc-usd,0.0,true,false
127940,1043503,sol-updown-5m-1766971200,SOL,5m,"Solana Up or Down - December 28, 8:20PM-8:25PM ET",1766971200,1766971500,32907416805595536782490504000401007948030465396679233336497659384097930169705,108653443415604547421849902367407488217199154709983839769923823762785771220807,https://data.chain.link/streams/sol-usd,0.0,true,false
127942,1043505,eth-updown-5m-1766971200,ETH,5m,"Ethereum Up or Down - December 28, 8:20PM-8:25PM ET",1766971200,1766971500,2836640246263395547417612504723192273788279743782644167005923079085692594429,4832190076748110095584146936003735308638343069188058464547332808245733698,https://data.chain.link/streams/eth-usd,0.0,true,false
126613,1036562,btc-updown-5m-1766914800,BTC,5m,"Bitcoin Up or Down - December 28, 4:40AM-4:45AM ET",1766914800,1766915100,78087773962567524227551073354038947038186467468608164449891263441848229176096,24772986399463535268655915598238035420486640511955015461160946184980105427571,https://data.chain.link/streams/btc-usd,0.0,true,false
127816,1042721,eth-updown-5m-1766964900,ETH,5m,"Ethereum Up or Down - December 28, 6:35PM-6:40PM ET",1766964900,1766965200,25295568745494685352786434150089487524827330589192566462453059702377853016451,80368041201021425738736869564155881545860346745374995106208476735131883405961,https://data.chain.link/streams/eth-usd,0.0,true,false
126392,1035340,eth-updown-5m-1766903700,ETH,5m,"Ethereum Up or Down - December 28, 1:35AM-1:40AM ET",1766903700,1766904000,49300531441551844890421958080053528607796817586736479861932058292711844439809,114795178583636299948248940376844053291549188058965200909381370038667643545148,https://data.chain.link/streams/eth-usd,0.0,true,false
127651,1041425,eth-updown-5m-1766956200,ETH,5m,"Ethereum Up or Down - December 28, 4:10PM-4:15PM ET",1766956200,1766956500,97454889340814373031506516031254947328481188838740618291212449766962415575441,29745288423413713515476492332404608475458671126897497585254325227736973017745,https://data.chain.link/streams/eth-usd,0.0,true,false
110006,964456,sol-updown-5m-1766163300,SOL,5m,"Solana Up or Down - December 19, 11:55AM-12:00PM ET",1766163300,1766163600,41088245933695409274628475961542304983112270332191649484476026406861422691751,97184449476470216496970877155210325458960385257448181396895448029779694881119,https://data.chain.link/streams/sol-usd,0.0,true,false
127383,1040324,btc-updown-5m-1766946300,BTC,5m,"Bitcoin Up or Down - December 28, 1:25PM-1:30PM ET",1766946300,1766946600,113473908121409000564020404102651134872381411435558123287959323179085800273650,10323980365246407778743029903773674997919091816440631180078260421592567132319,https://data.chain.link/streams/btc-usd,0.0,true,false
127820,1042737,sol-updown-15m-1766965500,SOL,5m,"Solana Up or Down - December 28, 6:45PM-7:00PM ET",1766965500,1766966400,47628129974441735311837336089083814178173778524062405644158498886760030118833,67620373435754068656154993992666971073265905207992421930757514905084072332475,https://data.chain.link/streams/sol-usd,0.0,true,false
127824,1042742,btc-updown-15m-1766965500,BTC,5m,"Bitcoin Up or Down - December 28, 6:45PM-7:00PM ET",1766965500,1766966400,4019525733586690841737488881982084472334363129222417118537296097354515357855,27748076680790581582547591085997843708508519928433051413594088597736141341825,https://data.chain.link/streams/btc-usd,0.0,true,false
127826,1042743,sol-updown-5m-1766965200,SOL,5m,"Solana Up or Down - December 28, 6:40PM-6:45PM ET",1766965200,1766965500,6351430723708277707672666068466118228828769845196016672638898779264775391586,16242910683458962908574595266164976352013407850832613250291408330806280460611,https://data.chain.link/streams/sol-usd,0.0,true,false
127825,1042741,eth-updown-5m-1766965200,ETH,5m,"Ethereum Up or Down - December 28, 6:40PM-6:45PM ET",1766965200,1766965500,1771774583592742300075957469068484870221890226974477213427853233017758209140,99961662830832656480950828344915254327696796940731418486505561350397291230459,https://data.chain.link/streams/eth-usd,0.0,true,false
127098,1038638,btc-updown-15m-1766934900,BTC,5m,"Bitcoin Up or Down - December 28, 10:15AM-10:30AM ET",1766934900,1766935800,75206958566751679047142699516408950733407782120965003376277017924155032444164,65098140594913896202958366830619545120010230542551195626937586412984802903844,https://data.chain.link/streams/btc-usd,0.0,true,false
127723,1041896,eth-updown-15m-1766960100,ETH,5m,"Ethereum Up or Down - December 28, 5:15PM-5:30PM ET",1766960100,1766961000,32537133545467732446240039222258661139279184407821693978946194521455929363303,104230726635366485555338499709581341947630499993208977223631020136145666604465,https://data.chain.link/streams/eth-usd,0.0,true,false
127669,1041735,btc-updown-5m-1766957100,BTC,5m,"Bitcoin Up or Down - December 28, 4:25PM-4:30PM ET",1766957100,1766957400,54336622954502652909123571072804387653173082817572510983730231044242054303323,12528240595584761600404530921588147006045166442716250636292862958128998446489,https://data.chain.link/streams/btc-usd,0.0,true,false
127331,1039927,btc-updown-15m-1766943900,BTC,5m,"Bitcoin Up or Down - December 28, 12:45PM-1:00PM ET",1766943900,1766944800,105224630543746999106794049458098254353236519947804147497788897922788623059671,26131311046752750931997493242114466818611148393631719383655572598742003190686,https://data.chain.link/streams/btc-usd,0.0,true,false
126204,1034030,sol-updown-5m-1766894400,SOL,5m,"Solana Up or Down - December 27, 11:00PM-11:05PM ET",1766894400,1766894700,2762182401137610188295537309663395736133925780420964779557513038742427568550,20503635180597500727182871003105095469764791507192469804825814226968472357774,https://data.chain.link/streams/sol-usd,0.0,true,false
127482,1040801,sol-updown-5m-1766950200,SOL,5m,"Solana Up or Down - December 28, 2:30PM-2:35PM ET",1766950200,1766950500,29994419862281462732645908303819146287646843783205660922942258264899826036712,13144367332668722732157132832735420329187197887064825028059244373754618688002,https://data.chain.link/streams/sol-usd,0.0,true,false
127800,1042677,btc-updown-5m-1766964000,BTC,5m,"Bitcoin Up or Down - December 28, 6:20PM-6:25PM ET",1766964000,1766964300,13453574820052740904381947948057231824923554798313128810213603841182761614520,85461345669904935485581878246077994400958977174656594549249933162402813648025,https://data.chain.link/streams/btc-usd,0.0,true,false
126137,1033658,eth-updown-5m-1766891100,ETH,5m,"Ethereum Up or Down - December 27, 10:05PM-10:10PM ET",1766891100,1766891400,108981420077943135399891693289678584987804099737289215458141029232630005485125,10704841303964256710787508614164103202116836933421940163695370973175015259159,https://data.chain.link/streams/eth-usd,0.0,true,false
126752,1037342,sol-updown-5m-1766921400,SOL,5m,"Solana Up or Down - December 28, 6:30AM-6:35AM ET",1766921400,1766921700,112029783318972830565229529069813950850413561441208786093650490299873606816268,18822495575673923153943415685325011301790232154150844627914501414272070013404,https://data.chain.link/streams/sol-usd,0.0,true,false
127221,1039357,sol-updown-5m-1766939100,SOL,5m,"Solana Up or Down - December 28, 11:25AM-11:30AM ET",1766939100,1766939400,39880089757823899602455210294226555921625340031896753865936136548562408348372,14025587969503120294099189899899876610725534753294124895221893283498897098987,https://data.chain.link/streams/sol-usd,0.0,true,false
126713,1037004,btc-updown-15m-1766919600,BTC,5m,"Bitcoin Up or Down - December 28, 6:00AM-6:15AM ET",1766919600,1766920500,2084667650567560292873632744002188511621223480414953061043490729182883301390,9339556372486311180583711867333950523538352340649465263079960360435174215806,https://data.chain.link/streams/btc-usd,0.0,true,false
126084,1033505,btc-updown-5m-1766888100,BTC,5m,"Bitcoin Up or Down - December 27, 9:15PM-9:20PM ET",1766888100,1766888400,50325954216751053850293397538763348091007034133617459926367867069018958809804,83767472677889688292438764827250637833765158332201481395497883374672706855156,https://data.chain.link/streams/btc-usd,0.0,true,false
126184,1034010,eth-updown-5m-1766893500,ETH,5m,"Ethereum Up or Down - December 27, 10:45PM-10:50PM ET",1766893500,1766893800,73679977432043656792897471369645512756695577155467027101917111698727727810761,67499124005356637718805789133657640532116945936347464459829232914750190118234,https://data.chain.link/streams/eth-usd,0.0,true,false
127381,1040322,eth-updown-5m-1766946000,ETH,5m,"Ethereum Up or Down - December 28, 1:20PM-1:25PM ET",1766946000,1766946300,6891969930830947180806968308857572091954684540733082944906568562303582398380,35532917464668141321142384877198216424603137660840149709184097774636707649809,https://data.chain.link/streams/eth-usd,0.0,true,false
126083,1033504,eth-updown-5m-1766888100,ETH,5m,"Ethereum Up or Down - December 27, 9:15PM-9:20PM ET",1766888100,1766888400,8750271046863796070908718902406914511640649552379229976354895448608894504263,19165546443709309123117956518204101069942185211696122443690843720659179689301,https://data.chain.link/streams/eth-usd,0.0,true,false
126621,1036570,btc-updown-5m-1766915100,BTC,5m,"Bitcoin Up or Down - December 28, 4:45AM-4:50AM ET",1766915100,1766915400,54425112990179683772372429957165701961614362006747308928382511526421262389378,30228257362312172146486757795040077266462833349615612331495813009496276759523,https://data.chain.link/streams/btc-usd,0.0,true,false
127555,1040960,sol-updown-5m-1766952300,SOL,5m,"Solana Up or Down - December 28, 3:05PM-3:10PM ET",1766952300,1766952600,76239642286690482816244417592488808259471915112195349561910477535348146213027,81801590001115977553076577449328128564098686901786450843513786104104204836245,https://data.chain.link/streams/sol-usd,0.0,true,false
127429,1040419,btc-updown-15m-1766948400,BTC,5m,"Bitcoin Up or Down - December 28, 2:00PM-2:15PM ET",1766948400,1766949300,94834819867058525675790760827677277371094386177131199534143453305707323508932,59662320856931068558955081923763696708029354187037801108194363335100626093101,https://data.chain.link/streams/btc-usd,0.0,true,false
126898,1038092,sol-updown-5m-1766928900,SOL,5m,"Solana Up or Down - December 28, 8:35AM-8:40AM ET",1766928900,1766929200,79680468432828231350498123650112764630149142016192592205584406394742482087564,22600192509229071610139091940366542671753324115903002315099576209397402712877,https://data.chain.link/streams/sol-usd,0.0,true,false
126486,1035787,btc-updown-5m-1766908500,BTC,5m,"Bitcoin Up or Down - December 28, 2:55AM-3:00AM ET",1766908500,1766908800,96635687294772037354040600228048075164748642451048220051503714567162853158475,63818734164642446599643953124220873168538650584488106512517348544776212595477,https://data.chain.link/streams/btc-usd,0.0,true,false
127105,1038813,btc-updown-5m-1766934900,BTC,5m,"Bitcoin Up or Down - December 28, 10:15AM-10:20AM ET",1766934900,1766935200,102362307240271419238192074994816917112561521966207454527537025274603901988042,31204989848764560733960419028111944280547850011505591120315305639321168311003,https://data.chain.link/streams/btc-usd,0.0,true,false
127921,1043207,sol-updown-5m-1766970000,SOL,5m,"Solana Up or Down - December 28, 8:00PM-8:05PM ET",1766970000,1766970300,13925799688672266743828106418619759993476156958596620265424662294163474688487,76232733678316200193125771919273163893857982001346137543012462225696845445895,https://data.chain.link/streams/sol-usd,0.0,true,false
109982,964348,sol-updown-5m-1766162700,SOL,5m,"Solana Up or Down - December 19, 11:45AM-11:50AM ET",1766162700,1766163000,12475477566726715648846895374433710509788046759337522923053123554946525468247,50614437999185018476332223022122100976557281684133063471682912796529938653401,https://data.chain.link/streams/sol-usd,0.0,true,false
127319,1039914,btc-updown-5m-1766943000,BTC,5m,"Bitcoin Up or Down - December 28, 12:30PM-12:35PM ET",1766943000,1766943300,16675852637252692186603480010358604200727478856323290892067238407377235248674,26390044926380189954505740483605480058639234713711300116481861998676856068627,https://data.chain.link/streams/btc-usd,0.0,true,false
126634,1036585,sol-updown-5m-1766915700,SOL,5m,"Solana Up or Down - December 28, 4:55AM-5:00AM ET",1766915700,1766916000,46611631444136835307640197471983141558997204489646635395152380618480780980063,95975352599276846395405778780596918822516874105105418078612606022907804628169,https://data.chain.link/streams/sol-usd,0.0,true,false
127246,1039382,eth-updown-5m-1766940600,ETH,5m,"Ethereum Up or Down - December 28, 11:50AM-11:55AM ET",1766940600,1766940900,60259271157949939809603985871970675862895538677935359489420880204841643133782,104419679449854084783536346370304995469898811414678332020547738465075783907764,https://data.chain.link/streams/eth-usd,0.0,true,false
126874,1037831,eth-updown-15m-1766927700,ETH,5m,"Ethereum Up or Down - December 28, 8:15AM-8:30AM ET",1766927700,1766928600,36939617047972038349336059397995033281256988783011725035980458375361685550293,104400155057668901309452140216635576754464764102568900434346913558896789389451,https://data.chain.link/streams/eth-usd,0.0,true,false
126310,1034885,sol-updown-15m-1766899800,SOL,5m,"Solana Up or Down - December 28, 12:30AM-12:45AM ET",1766899800,1766900700,57095673093053004786824669477067747241956791102510265841094956233993731822217,63749023413572945120507213918333538563950866741431938733498361506009211890728,https://data.chain.link/streams/sol-usd,0.0,true,false
127601,1041343,sol-updown-5m-1766953800,SOL,5m,"Solana Up or Down - December 28, 3:30PM-3:35PM ET",1766953800,1766954100,74297796625009765185811632306658005969641599165924012324163192356014054456518,50905238069776124618239274256328286288604445713748130498356493419691305091426,https://data.chain.link/streams/sol-usd,0.0,true,false
126400,1035348,btc-updown-5m-1766904000,BTC,5m,"Bitcoin Up or Down - December 28, 1:40AM-1:45AM ET",1766904000,1766904300,112635832056939222158023092651482645472617101031813220656757611642461103639511,90781198745032565739126905302659174808468379437342488720846752949976876847231,https://data.chain.link/streams/btc-usd,0.0,true,false
126683,1036924,sol-updown-5m-1766918400,SOL,5m,"Solana Up or Down - December 28, 5:40AM-5:45AM ET",1766918400,1766918700,82819178376664870196969550922665063780357105313658665309659398108172422729747,74461043703462850354074862798059712655811293953920487316465043033101005908711,https://data.chain.link/streams/sol-usd,0.0,true,false
126063,1033262,eth-updown-15m-1766887200,ETH,5m,"Ethereum Up or Down - December 27, 9:00PM-9:15PM ET",1766887200,1766888100,99453736558749853972258512163332793970127977552403914789498333762583010363198,27205096737559549054065759753854581228663086819821297848701909480399130487710,https://data.chain.link/streams/eth-usd,1057.348504,true,false
127668,1041736,sol-updown-5m-1766957100,SOL,5m,"Solana Up or Down - December 28, 4:25PM-4:30PM ET",1766957100,1766957400,62928641218823870050519153270191838088175606502175909728758955568380608288061,86296803598799921030032306423624572689910458747297945720550596239900361110736,https://data.chain.link/streams/sol-usd,0.0,true,false
126530,1036185,sol-updown-5m-1766910600,SOL,5m,"Solana Up or Down - December 28, 3:30AM-3:35AM ET",1766910600,1766910900,90865180279206136137861878664404319083872320600987062316861484906480861593967,93484587036831308775969323943410315185250610163651097510194187883632095126239,https://data.chain.link/streams/sol-usd,0.0,true,false
126511,1036021,sol-updown-5m-1766909700,SOL,5m,"Solana Up or Down - December 28, 3:15AM-3:20AM ET",1766909700,1766910000,78752003403204366387322994404552867794840953323793105395197868025330758393915,19260745126293849185907919874950132087134160376714902617016947984039794058683,https://data.chain.link/streams/sol-usd,0.0,true,false
127961,1043566,sol-updown-5m-1766972400,SOL,5m,"Solana Up or Down - December 28, 8:40PM-8:45PM ET",1766972400,1766972700,66327548925295128180343443499252158299891426738946789015229090261108561242283,25606204572700902846497014180877944510429514905803520367754275385118354790142,https://data.chain.link/streams/sol-usd,0.0,true,false
